,learning_rate,max_depth,n_estimators,subsample,colsample_bytree,subsample_for_bin,num_leaves,min_child_samples,score
125,0.15,,1600.0,0.8,1.0,200000.0,31.0,20.0,0.7433280251721954
200,0.15,40.0,1600.0,0.9,1.0,200000.0,31.0,20.0,0.7433280251721954
164,0.15,25.0,1600.0,0.9,1.0,200000.0,31.0,20.0,0.7433280251721954
197,0.15,40.0,1600.0,0.8,1.0,200000.0,31.0,20.0,0.7433280251721954
194,0.15,40.0,1600.0,0.7,1.0,200000.0,31.0,20.0,0.7433280251721954
167,0.15,25.0,1600.0,1.0,1.0,200000.0,31.0,20.0,0.7433280251721954
131,0.15,,1600.0,1.0,1.0,200000.0,31.0,20.0,0.7433280251721954
161,0.15,25.0,1600.0,0.8,1.0,200000.0,31.0,20.0,0.7433280251721954
128,0.15,,1600.0,0.9,1.0,200000.0,31.0,20.0,0.7433280251721954
122,0.15,,1600.0,0.7,1.0,200000.0,31.0,20.0,0.7433280251721954
203,0.15,40.0,1600.0,1.0,1.0,200000.0,31.0,20.0,0.7433280251721954
158,0.15,25.0,1600.0,0.7,1.0,200000.0,31.0,20.0,0.7433280251721954
119,0.15,,1450.0,1.0,1.0,200000.0,31.0,20.0,0.7432129084246273
146,0.15,25.0,1450.0,0.7,1.0,200000.0,31.0,20.0,0.7432129084246273
152,0.15,25.0,1450.0,0.9,1.0,200000.0,31.0,20.0,0.7432129084246273
155,0.15,25.0,1450.0,1.0,1.0,200000.0,31.0,20.0,0.7432129084246273
116,0.15,,1450.0,0.9,1.0,200000.0,31.0,20.0,0.7432129084246273
113,0.15,,1450.0,0.8,1.0,200000.0,31.0,20.0,0.7432129084246273
110,0.15,,1450.0,0.7,1.0,200000.0,31.0,20.0,0.7432129084246273
149,0.15,25.0,1450.0,0.8,1.0,200000.0,31.0,20.0,0.7432129084246273
191,0.15,40.0,1450.0,1.0,1.0,200000.0,31.0,20.0,0.7432129084246273
188,0.15,40.0,1450.0,0.9,1.0,200000.0,31.0,20.0,0.7432129084246273
185,0.15,40.0,1450.0,0.8,1.0,200000.0,31.0,20.0,0.7432129084246273
182,0.15,40.0,1450.0,0.7,1.0,200000.0,31.0,20.0,0.7432129084246273
162,0.15,25.0,1600.0,0.8,1.0,240000.0,31.0,20.0,0.7428099998081389
132,0.15,,1600.0,1.0,1.0,240000.0,31.0,20.0,0.7428099998081389
204,0.15,40.0,1600.0,1.0,1.0,240000.0,31.0,20.0,0.7428099998081389
201,0.15,40.0,1600.0,0.9,1.0,240000.0,31.0,20.0,0.7428099998081389
123,0.15,,1600.0,0.7,1.0,240000.0,31.0,20.0,0.7428099998081389
126,0.15,,1600.0,0.8,1.0,240000.0,31.0,20.0,0.7428099998081389
159,0.15,25.0,1600.0,0.7,1.0,240000.0,31.0,20.0,0.7428099998081389
198,0.15,40.0,1600.0,0.8,1.0,240000.0,31.0,20.0,0.7428099998081389
129,0.15,,1600.0,0.9,1.0,240000.0,31.0,20.0,0.7428099998081389
195,0.15,40.0,1600.0,0.7,1.0,240000.0,31.0,20.0,0.7428099998081389
165,0.15,25.0,1600.0,0.9,1.0,240000.0,31.0,20.0,0.7428099998081389
168,0.15,25.0,1600.0,1.0,1.0,240000.0,31.0,20.0,0.7428099998081389
141,0.15,,1750.0,0.9,1.0,240000.0,31.0,20.0,0.7427140691851654
171,0.15,25.0,1750.0,0.7,1.0,240000.0,31.0,20.0,0.7427140691851654
210,0.15,40.0,1750.0,0.8,1.0,240000.0,31.0,20.0,0.7427140691851654
207,0.15,40.0,1750.0,0.7,1.0,240000.0,31.0,20.0,0.7427140691851654
138,0.15,,1750.0,0.8,1.0,240000.0,31.0,20.0,0.7427140691851654
213,0.15,40.0,1750.0,0.9,1.0,240000.0,31.0,20.0,0.7427140691851654
135,0.15,,1750.0,0.7,1.0,240000.0,31.0,20.0,0.7427140691851654
144,0.15,,1750.0,1.0,1.0,240000.0,31.0,20.0,0.7427140691851654
180,0.15,25.0,1750.0,1.0,1.0,240000.0,31.0,20.0,0.7427140691851654
177,0.15,25.0,1750.0,0.9,1.0,240000.0,31.0,20.0,0.7427140691851654
174,0.15,25.0,1750.0,0.8,1.0,240000.0,31.0,20.0,0.7427140691851654
216,0.15,40.0,1750.0,1.0,1.0,240000.0,31.0,20.0,0.7427140691851654
150,0.15,25.0,1450.0,0.8,1.0,240000.0,31.0,20.0,0.7425605801884079
111,0.15,,1450.0,0.7,1.0,240000.0,31.0,20.0,0.7425605801884079
189,0.15,40.0,1450.0,0.9,1.0,240000.0,31.0,20.0,0.7425605801884079
114,0.15,,1450.0,0.8,1.0,240000.0,31.0,20.0,0.7425605801884079
156,0.15,25.0,1450.0,1.0,1.0,240000.0,31.0,20.0,0.7425605801884079
186,0.15,40.0,1450.0,0.8,1.0,240000.0,31.0,20.0,0.7425605801884079
117,0.15,,1450.0,0.9,1.0,240000.0,31.0,20.0,0.7425605801884079
147,0.15,25.0,1450.0,0.7,1.0,240000.0,31.0,20.0,0.7425605801884079
153,0.15,25.0,1450.0,0.9,1.0,240000.0,31.0,20.0,0.7425605801884079
183,0.15,40.0,1450.0,0.7,1.0,240000.0,31.0,20.0,0.7425605801884079
120,0.15,,1450.0,1.0,1.0,240000.0,31.0,20.0,0.7425605801884079
192,0.15,40.0,1450.0,1.0,1.0,240000.0,31.0,20.0,0.7425605801884079
179,0.15,25.0,1750.0,1.0,1.0,200000.0,31.0,20.0,0.742483835690029
215,0.15,40.0,1750.0,1.0,1.0,200000.0,31.0,20.0,0.742483835690029
143,0.15,,1750.0,1.0,1.0,200000.0,31.0,20.0,0.742483835690029
134,0.15,,1750.0,0.7,1.0,200000.0,31.0,20.0,0.742483835690029
137,0.15,,1750.0,0.8,1.0,200000.0,31.0,20.0,0.742483835690029
206,0.15,40.0,1750.0,0.7,1.0,200000.0,31.0,20.0,0.742483835690029
170,0.15,25.0,1750.0,0.7,1.0,200000.0,31.0,20.0,0.742483835690029
212,0.15,40.0,1750.0,0.9,1.0,200000.0,31.0,20.0,0.742483835690029
176,0.15,25.0,1750.0,0.9,1.0,200000.0,31.0,20.0,0.742483835690029
209,0.15,40.0,1750.0,0.8,1.0,200000.0,31.0,20.0,0.742483835690029
140,0.15,,1750.0,0.9,1.0,200000.0,31.0,20.0,0.742483835690029
173,0.15,25.0,1750.0,0.8,1.0,200000.0,31.0,20.0,0.742483835690029
101,0.1,40.0,1750.0,0.8,1.0,200000.0,31.0,20.0,0.7421384854473244
62,0.1,25.0,1750.0,0.7,1.0,200000.0,31.0,20.0,0.7421384854473244
98,0.1,40.0,1750.0,0.7,1.0,200000.0,31.0,20.0,0.7421384854473244
35,0.1,,1750.0,1.0,1.0,200000.0,31.0,20.0,0.7421384854473244
26,0.1,,1750.0,0.7,1.0,200000.0,31.0,20.0,0.7421384854473244
104,0.1,40.0,1750.0,0.9,1.0,200000.0,31.0,20.0,0.7421384854473244
29,0.1,,1750.0,0.8,1.0,200000.0,31.0,20.0,0.7421384854473244
71,0.1,25.0,1750.0,1.0,1.0,200000.0,31.0,20.0,0.7421384854473244
68,0.1,25.0,1750.0,0.9,1.0,200000.0,31.0,20.0,0.7421384854473244
107,0.1,40.0,1750.0,1.0,1.0,200000.0,31.0,20.0,0.7421384854473244
32,0.1,,1750.0,0.9,1.0,200000.0,31.0,20.0,0.7421384854473244
65,0.1,25.0,1750.0,0.8,1.0,200000.0,31.0,20.0,0.7421384854473244
50,0.1,25.0,1600.0,0.7,1.0,200000.0,31.0,20.0,0.7419849964505669
56,0.1,25.0,1600.0,0.9,1.0,200000.0,31.0,20.0,0.7419849964505669
23,0.1,,1600.0,1.0,1.0,200000.0,31.0,20.0,0.7419849964505669
20,0.1,,1600.0,0.9,1.0,200000.0,31.0,20.0,0.7419849964505669
95,0.1,40.0,1600.0,1.0,1.0,200000.0,31.0,20.0,0.7419849964505669
92,0.1,40.0,1600.0,0.9,1.0,200000.0,31.0,20.0,0.7419849964505669
86,0.1,40.0,1600.0,0.7,1.0,200000.0,31.0,20.0,0.7419849964505669
17,0.1,,1600.0,0.8,1.0,200000.0,31.0,20.0,0.7419849964505669
89,0.1,40.0,1600.0,0.8,1.0,200000.0,31.0,20.0,0.7419849964505669
59,0.1,25.0,1600.0,1.0,1.0,200000.0,31.0,20.0,0.7419849964505669
53,0.1,25.0,1600.0,0.8,1.0,200000.0,31.0,20.0,0.7419849964505669
14,0.1,,1600.0,0.7,1.0,200000.0,31.0,20.0,0.7419849964505669
298,0.2,40.0,1450.0,1.0,1.0,160000.0,31.0,20.0,0.7419466242013777
217,0.2,,1450.0,0.7,1.0,160000.0,31.0,20.0,0.7419466242013777
289,0.2,40.0,1450.0,0.7,1.0,160000.0,31.0,20.0,0.7419466242013777
295,0.2,40.0,1450.0,0.9,1.0,160000.0,31.0,20.0,0.7419466242013777
262,0.2,25.0,1450.0,1.0,1.0,160000.0,31.0,20.0,0.7419466242013777
292,0.2,40.0,1450.0,0.8,1.0,160000.0,31.0,20.0,0.7419466242013777
259,0.2,25.0,1450.0,0.9,1.0,160000.0,31.0,20.0,0.7419466242013777
226,0.2,,1450.0,1.0,1.0,160000.0,31.0,20.0,0.7419466242013777
256,0.2,25.0,1450.0,0.8,1.0,160000.0,31.0,20.0,0.7419466242013777
253,0.2,25.0,1450.0,0.7,1.0,160000.0,31.0,20.0,0.7419466242013777
220,0.2,,1450.0,0.8,1.0,160000.0,31.0,20.0,0.7419466242013777
223,0.2,,1450.0,0.9,1.0,160000.0,31.0,20.0,0.7419466242013777
300,0.2,40.0,1450.0,1.0,1.0,240000.0,31.0,20.0,0.7418890658275935
222,0.2,,1450.0,0.8,1.0,240000.0,31.0,20.0,0.7418890658275935
225,0.2,,1450.0,0.9,1.0,240000.0,31.0,20.0,0.7418890658275935
297,0.2,40.0,1450.0,0.9,1.0,240000.0,31.0,20.0,0.7418890658275935
219,0.2,,1450.0,0.7,1.0,240000.0,31.0,20.0,0.7418890658275935
264,0.2,25.0,1450.0,1.0,1.0,240000.0,31.0,20.0,0.7418890658275935
228,0.2,,1450.0,1.0,1.0,240000.0,31.0,20.0,0.7418890658275935
261,0.2,25.0,1450.0,0.9,1.0,240000.0,31.0,20.0,0.7418890658275935
291,0.2,40.0,1450.0,0.7,1.0,240000.0,31.0,20.0,0.7418890658275935
294,0.2,40.0,1450.0,0.8,1.0,240000.0,31.0,20.0,0.7418890658275935
258,0.2,25.0,1450.0,0.8,1.0,240000.0,31.0,20.0,0.7418890658275935
255,0.2,25.0,1450.0,0.7,1.0,240000.0,31.0,20.0,0.7418890658275935
34,0.1,,1750.0,1.0,1.0,160000.0,31.0,20.0,0.7415820878340784
31,0.1,,1750.0,0.9,1.0,160000.0,31.0,20.0,0.7415820878340784
28,0.1,,1750.0,0.8,1.0,160000.0,31.0,20.0,0.7415820878340784
25,0.1,,1750.0,0.7,1.0,160000.0,31.0,20.0,0.7415820878340784
61,0.1,25.0,1750.0,0.7,1.0,160000.0,31.0,20.0,0.7415820878340784
97,0.1,40.0,1750.0,0.7,1.0,160000.0,31.0,20.0,0.7415820878340784
70,0.1,25.0,1750.0,1.0,1.0,160000.0,31.0,20.0,0.7415820878340784
106,0.1,40.0,1750.0,1.0,1.0,160000.0,31.0,20.0,0.7415820878340784
67,0.1,25.0,1750.0,0.9,1.0,160000.0,31.0,20.0,0.7415820878340784
103,0.1,40.0,1750.0,0.9,1.0,160000.0,31.0,20.0,0.7415820878340784
100,0.1,40.0,1750.0,0.8,1.0,160000.0,31.0,20.0,0.7415820878340784
64,0.1,25.0,1750.0,0.8,1.0,160000.0,31.0,20.0,0.7415820878340784
169,0.15,25.0,1750.0,0.7,1.0,160000.0,31.0,20.0,0.7415245294602942
142,0.15,,1750.0,1.0,1.0,160000.0,31.0,20.0,0.7415245294602942
175,0.15,25.0,1750.0,0.9,1.0,160000.0,31.0,20.0,0.7415245294602942
139,0.15,,1750.0,0.9,1.0,160000.0,31.0,20.0,0.7415245294602942
208,0.15,40.0,1750.0,0.8,1.0,160000.0,31.0,20.0,0.7415245294602942
136,0.15,,1750.0,0.8,1.0,160000.0,31.0,20.0,0.7415245294602942
214,0.15,40.0,1750.0,1.0,1.0,160000.0,31.0,20.0,0.7415245294602942
205,0.15,40.0,1750.0,0.7,1.0,160000.0,31.0,20.0,0.7415245294602942
133,0.15,,1750.0,0.7,1.0,160000.0,31.0,20.0,0.7415245294602942
172,0.15,25.0,1750.0,0.8,1.0,160000.0,31.0,20.0,0.7415245294602942
178,0.15,25.0,1750.0,1.0,1.0,160000.0,31.0,20.0,0.7415245294602942
211,0.15,40.0,1750.0,0.9,1.0,160000.0,31.0,20.0,0.7415245294602942
151,0.15,25.0,1450.0,0.9,1.0,160000.0,31.0,20.0,0.7414861572111049
187,0.15,40.0,1450.0,0.9,1.0,160000.0,31.0,20.0,0.7414861572111049
181,0.15,40.0,1450.0,0.7,1.0,160000.0,31.0,20.0,0.7414861572111049
184,0.15,40.0,1450.0,0.8,1.0,160000.0,31.0,20.0,0.7414861572111049
154,0.15,25.0,1450.0,1.0,1.0,160000.0,31.0,20.0,0.7414861572111049
115,0.15,,1450.0,0.9,1.0,160000.0,31.0,20.0,0.7414861572111049
109,0.15,,1450.0,0.7,1.0,160000.0,31.0,20.0,0.7414861572111049
190,0.15,40.0,1450.0,1.0,1.0,160000.0,31.0,20.0,0.7414861572111049
118,0.15,,1450.0,1.0,1.0,160000.0,31.0,20.0,0.7414861572111049
112,0.15,,1450.0,0.8,1.0,160000.0,31.0,20.0,0.7414861572111049
148,0.15,25.0,1450.0,0.8,1.0,160000.0,31.0,20.0,0.7414861572111049
145,0.15,25.0,1450.0,0.7,1.0,160000.0,31.0,20.0,0.7414861572111049
33,0.1,,1750.0,0.9,1.0,240000.0,31.0,20.0,0.741294295965158
102,0.1,40.0,1750.0,0.8,1.0,240000.0,31.0,20.0,0.741294295965158
99,0.1,40.0,1750.0,0.7,1.0,240000.0,31.0,20.0,0.741294295965158
30,0.1,,1750.0,0.8,1.0,240000.0,31.0,20.0,0.741294295965158
72,0.1,25.0,1750.0,1.0,1.0,240000.0,31.0,20.0,0.741294295965158
27,0.1,,1750.0,0.7,1.0,240000.0,31.0,20.0,0.741294295965158
66,0.1,25.0,1750.0,0.8,1.0,240000.0,31.0,20.0,0.741294295965158
36,0.1,,1750.0,1.0,1.0,240000.0,31.0,20.0,0.741294295965158
63,0.1,25.0,1750.0,0.7,1.0,240000.0,31.0,20.0,0.741294295965158
108,0.1,40.0,1750.0,1.0,1.0,240000.0,31.0,20.0,0.741294295965158
69,0.1,25.0,1750.0,0.9,1.0,240000.0,31.0,20.0,0.741294295965158
105,0.1,40.0,1750.0,0.9,1.0,240000.0,31.0,20.0,0.741294295965158
241,0.2,,1750.0,0.7,1.0,160000.0,31.0,20.0,0.7411216208438057
250,0.2,,1750.0,1.0,1.0,160000.0,31.0,20.0,0.7411216208438057
286,0.2,25.0,1750.0,1.0,1.0,160000.0,31.0,20.0,0.7411216208438057
316,0.2,40.0,1750.0,0.8,1.0,160000.0,31.0,20.0,0.7411216208438057
283,0.2,25.0,1750.0,0.9,1.0,160000.0,31.0,20.0,0.7411216208438057
244,0.2,,1750.0,0.8,1.0,160000.0,31.0,20.0,0.7411216208438057
313,0.2,40.0,1750.0,0.7,1.0,160000.0,31.0,20.0,0.7411216208438057
280,0.2,25.0,1750.0,0.8,1.0,160000.0,31.0,20.0,0.7411216208438057
277,0.2,25.0,1750.0,0.7,1.0,160000.0,31.0,20.0,0.7411216208438057
322,0.2,40.0,1750.0,1.0,1.0,160000.0,31.0,20.0,0.7411216208438057
247,0.2,,1750.0,0.9,1.0,160000.0,31.0,20.0,0.7411216208438057
319,0.2,40.0,1750.0,0.9,1.0,160000.0,31.0,20.0,0.7411216208438057
196,0.15,40.0,1600.0,0.8,1.0,160000.0,31.0,20.0,0.7409873179716429
238,0.2,,1600.0,1.0,1.0,160000.0,31.0,20.0,0.7409873179716429
202,0.15,40.0,1600.0,1.0,1.0,160000.0,31.0,20.0,0.7409873179716429
193,0.15,40.0,1600.0,0.7,1.0,160000.0,31.0,20.0,0.7409873179716429
235,0.2,,1600.0,0.9,1.0,160000.0,31.0,20.0,0.7409873179716429
229,0.2,,1600.0,0.7,1.0,160000.0,31.0,20.0,0.7409873179716429
265,0.2,25.0,1600.0,0.7,1.0,160000.0,31.0,20.0,0.7409873179716429
268,0.2,25.0,1600.0,0.8,1.0,160000.0,31.0,20.0,0.7409873179716429
232,0.2,,1600.0,0.8,1.0,160000.0,31.0,20.0,0.7409873179716429
271,0.2,25.0,1600.0,0.9,1.0,160000.0,31.0,20.0,0.7409873179716429
274,0.2,25.0,1600.0,1.0,1.0,160000.0,31.0,20.0,0.7409873179716429
199,0.15,40.0,1600.0,0.9,1.0,160000.0,31.0,20.0,0.7409873179716429
163,0.15,25.0,1600.0,0.9,1.0,160000.0,31.0,20.0,0.7409873179716429
166,0.15,25.0,1600.0,1.0,1.0,160000.0,31.0,20.0,0.7409873179716429
124,0.15,,1600.0,0.8,1.0,160000.0,31.0,20.0,0.7409873179716429
301,0.2,40.0,1600.0,0.7,1.0,160000.0,31.0,20.0,0.7409873179716429
304,0.2,40.0,1600.0,0.8,1.0,160000.0,31.0,20.0,0.7409873179716429
310,0.2,40.0,1600.0,1.0,1.0,160000.0,31.0,20.0,0.7409873179716429
121,0.15,,1600.0,0.7,1.0,160000.0,31.0,20.0,0.7409873179716429
307,0.2,40.0,1600.0,0.9,1.0,160000.0,31.0,20.0,0.7409873179716429
127,0.15,,1600.0,0.9,1.0,160000.0,31.0,20.0,0.7409873179716429
130,0.15,,1600.0,1.0,1.0,160000.0,31.0,20.0,0.7409873179716429
157,0.15,25.0,1600.0,0.7,1.0,160000.0,31.0,20.0,0.7409873179716429
160,0.15,25.0,1600.0,0.8,1.0,160000.0,31.0,20.0,0.7409873179716429
41,0.1,25.0,1450.0,0.8,1.0,200000.0,31.0,20.0,0.7409297595978588
44,0.1,25.0,1450.0,0.9,1.0,200000.0,31.0,20.0,0.7409297595978588
47,0.1,25.0,1450.0,1.0,1.0,200000.0,31.0,20.0,0.7409297595978588
2,0.1,,1450.0,0.7,1.0,200000.0,31.0,20.0,0.7409297595978588
74,0.1,40.0,1450.0,0.7,1.0,200000.0,31.0,20.0,0.7409297595978588
11,0.1,,1450.0,1.0,1.0,200000.0,31.0,20.0,0.7409297595978588
77,0.1,40.0,1450.0,0.8,1.0,200000.0,31.0,20.0,0.7409297595978588
5,0.1,,1450.0,0.8,1.0,200000.0,31.0,20.0,0.7409297595978588
83,0.1,40.0,1450.0,1.0,1.0,200000.0,31.0,20.0,0.7409297595978588
80,0.1,40.0,1450.0,0.9,1.0,200000.0,31.0,20.0,0.7409297595978588
38,0.1,25.0,1450.0,0.7,1.0,200000.0,31.0,20.0,0.7409297595978588
8,0.1,,1450.0,0.9,1.0,200000.0,31.0,20.0,0.7409297595978588
60,0.1,25.0,1600.0,1.0,1.0,240000.0,31.0,20.0,0.7408913873486693
18,0.1,,1600.0,0.8,1.0,240000.0,31.0,20.0,0.7408913873486693
24,0.1,,1600.0,1.0,1.0,240000.0,31.0,20.0,0.7408913873486693
96,0.1,40.0,1600.0,1.0,1.0,240000.0,31.0,20.0,0.7408913873486693
93,0.1,40.0,1600.0,0.9,1.0,240000.0,31.0,20.0,0.7408913873486693
21,0.1,,1600.0,0.9,1.0,240000.0,31.0,20.0,0.7408913873486693
90,0.1,40.0,1600.0,0.8,1.0,240000.0,31.0,20.0,0.7408913873486693
15,0.1,,1600.0,0.7,1.0,240000.0,31.0,20.0,0.7408913873486693
57,0.1,25.0,1600.0,0.9,1.0,240000.0,31.0,20.0,0.7408913873486693
87,0.1,40.0,1600.0,0.7,1.0,240000.0,31.0,20.0,0.7408913873486693
51,0.1,25.0,1600.0,0.7,1.0,240000.0,31.0,20.0,0.7408913873486693
54,0.1,25.0,1600.0,0.8,1.0,240000.0,31.0,20.0,0.7408913873486693
3,0.1,,1450.0,0.7,1.0,240000.0,31.0,20.0,0.7408146428502906
6,0.1,,1450.0,0.8,1.0,240000.0,31.0,20.0,0.7408146428502906
12,0.1,,1450.0,1.0,1.0,240000.0,31.0,20.0,0.7408146428502906
9,0.1,,1450.0,0.9,1.0,240000.0,31.0,20.0,0.7408146428502906
48,0.1,25.0,1450.0,1.0,1.0,240000.0,31.0,20.0,0.7408146428502906
39,0.1,25.0,1450.0,0.7,1.0,240000.0,31.0,20.0,0.7408146428502906
42,0.1,25.0,1450.0,0.8,1.0,240000.0,31.0,20.0,0.7408146428502906
45,0.1,25.0,1450.0,0.9,1.0,240000.0,31.0,20.0,0.7408146428502906
75,0.1,40.0,1450.0,0.7,1.0,240000.0,31.0,20.0,0.7408146428502906
78,0.1,40.0,1450.0,0.8,1.0,240000.0,31.0,20.0,0.7408146428502906
81,0.1,40.0,1450.0,0.9,1.0,240000.0,31.0,20.0,0.7408146428502906
84,0.1,40.0,1450.0,1.0,1.0,240000.0,31.0,20.0,0.7408146428502906
315,0.2,40.0,1750.0,0.7,1.0,240000.0,31.0,20.0,0.740795456725696
279,0.2,25.0,1750.0,0.7,1.0,240000.0,31.0,20.0,0.740795456725696
318,0.2,40.0,1750.0,0.8,1.0,240000.0,31.0,20.0,0.740795456725696
282,0.2,25.0,1750.0,0.8,1.0,240000.0,31.0,20.0,0.740795456725696
321,0.2,40.0,1750.0,0.9,1.0,240000.0,31.0,20.0,0.740795456725696
288,0.2,25.0,1750.0,1.0,1.0,240000.0,31.0,20.0,0.740795456725696
285,0.2,25.0,1750.0,0.9,1.0,240000.0,31.0,20.0,0.740795456725696
252,0.2,,1750.0,1.0,1.0,240000.0,31.0,20.0,0.740795456725696
324,0.2,40.0,1750.0,1.0,1.0,240000.0,31.0,20.0,0.740795456725696
249,0.2,,1750.0,0.9,1.0,240000.0,31.0,20.0,0.740795456725696
22,0.1,,1600.0,1.0,1.0,160000.0,31.0,20.0,0.740795456725696
88,0.1,40.0,1600.0,0.8,1.0,160000.0,31.0,20.0,0.740795456725696
85,0.1,40.0,1600.0,0.7,1.0,160000.0,31.0,20.0,0.740795456725696
58,0.1,25.0,1600.0,1.0,1.0,160000.0,31.0,20.0,0.740795456725696
55,0.1,25.0,1600.0,0.9,1.0,160000.0,31.0,20.0,0.740795456725696
52,0.1,25.0,1600.0,0.8,1.0,160000.0,31.0,20.0,0.740795456725696
49,0.1,25.0,1600.0,0.7,1.0,160000.0,31.0,20.0,0.740795456725696
94,0.1,40.0,1600.0,1.0,1.0,160000.0,31.0,20.0,0.740795456725696
91,0.1,40.0,1600.0,0.9,1.0,160000.0,31.0,20.0,0.740795456725696
19,0.1,,1600.0,0.9,1.0,160000.0,31.0,20.0,0.740795456725696
16,0.1,,1600.0,0.8,1.0,160000.0,31.0,20.0,0.740795456725696
13,0.1,,1600.0,0.7,1.0,160000.0,31.0,20.0,0.740795456725696
243,0.2,,1750.0,0.7,1.0,240000.0,31.0,20.0,0.740795456725696
246,0.2,,1750.0,0.8,1.0,240000.0,31.0,20.0,0.740795456725696
37,0.1,25.0,1450.0,0.7,1.0,160000.0,31.0,20.0,0.7405652232305596
40,0.1,25.0,1450.0,0.8,1.0,160000.0,31.0,20.0,0.7405652232305596
46,0.1,25.0,1450.0,1.0,1.0,160000.0,31.0,20.0,0.7405652232305596
10,0.1,,1450.0,1.0,1.0,160000.0,31.0,20.0,0.7405652232305596
7,0.1,,1450.0,0.9,1.0,160000.0,31.0,20.0,0.7405652232305596
73,0.1,40.0,1450.0,0.7,1.0,160000.0,31.0,20.0,0.7405652232305596
76,0.1,40.0,1450.0,0.8,1.0,160000.0,31.0,20.0,0.7405652232305596
79,0.1,40.0,1450.0,0.9,1.0,160000.0,31.0,20.0,0.7405652232305596
82,0.1,40.0,1450.0,1.0,1.0,160000.0,31.0,20.0,0.7405652232305596
4,0.1,,1450.0,0.8,1.0,160000.0,31.0,20.0,0.7405652232305596
43,0.1,25.0,1450.0,0.9,1.0,160000.0,31.0,20.0,0.7405652232305596
1,0.1,,1450.0,0.7,1.0,160000.0,31.0,20.0,0.7405652232305596
270,0.2,25.0,1600.0,0.8,1.0,240000.0,31.0,20.0,0.7403733619846127
273,0.2,25.0,1600.0,0.9,1.0,240000.0,31.0,20.0,0.7403733619846127
306,0.2,40.0,1600.0,0.8,1.0,240000.0,31.0,20.0,0.7403733619846127
309,0.2,40.0,1600.0,0.9,1.0,240000.0,31.0,20.0,0.7403733619846127
303,0.2,40.0,1600.0,0.7,1.0,240000.0,31.0,20.0,0.7403733619846127
234,0.2,,1600.0,0.8,1.0,240000.0,31.0,20.0,0.7403733619846127
267,0.2,25.0,1600.0,0.7,1.0,240000.0,31.0,20.0,0.7403733619846127
312,0.2,40.0,1600.0,1.0,1.0,240000.0,31.0,20.0,0.7403733619846127
231,0.2,,1600.0,0.7,1.0,240000.0,31.0,20.0,0.7403733619846127
240,0.2,,1600.0,1.0,1.0,240000.0,31.0,20.0,0.7403733619846127
237,0.2,,1600.0,0.9,1.0,240000.0,31.0,20.0,0.7403733619846127
276,0.2,25.0,1600.0,1.0,1.0,240000.0,31.0,20.0,0.7403733619846127
266,0.2,25.0,1600.0,0.7,1.0,200000.0,31.0,20.0,0.7398745227451508
305,0.2,40.0,1600.0,0.8,1.0,200000.0,31.0,20.0,0.7398745227451508
302,0.2,40.0,1600.0,0.7,1.0,200000.0,31.0,20.0,0.7398745227451508
239,0.2,,1600.0,1.0,1.0,200000.0,31.0,20.0,0.7398745227451508
311,0.2,40.0,1600.0,1.0,1.0,200000.0,31.0,20.0,0.7398745227451508
272,0.2,25.0,1600.0,0.9,1.0,200000.0,31.0,20.0,0.7398745227451508
236,0.2,,1600.0,0.9,1.0,200000.0,31.0,20.0,0.7398745227451508
233,0.2,,1600.0,0.8,1.0,200000.0,31.0,20.0,0.7398745227451508
269,0.2,25.0,1600.0,0.8,1.0,200000.0,31.0,20.0,0.7398745227451508
308,0.2,40.0,1600.0,0.9,1.0,200000.0,31.0,20.0,0.7398745227451508
275,0.2,25.0,1600.0,1.0,1.0,200000.0,31.0,20.0,0.7398745227451508
230,0.2,,1600.0,0.7,1.0,200000.0,31.0,20.0,0.7398745227451508
317,0.2,40.0,1750.0,0.8,1.0,200000.0,31.0,20.0,0.7394524280040674
314,0.2,40.0,1750.0,0.7,1.0,200000.0,31.0,20.0,0.7394524280040674
245,0.2,,1750.0,0.8,1.0,200000.0,31.0,20.0,0.7394524280040674
320,0.2,40.0,1750.0,0.9,1.0,200000.0,31.0,20.0,0.7394524280040674
248,0.2,,1750.0,0.9,1.0,200000.0,31.0,20.0,0.7394524280040674
323,0.2,40.0,1750.0,1.0,1.0,200000.0,31.0,20.0,0.7394524280040674
242,0.2,,1750.0,0.7,1.0,200000.0,31.0,20.0,0.7394524280040674
287,0.2,25.0,1750.0,1.0,1.0,200000.0,31.0,20.0,0.7394524280040674
278,0.2,25.0,1750.0,0.7,1.0,200000.0,31.0,20.0,0.7394524280040674
251,0.2,,1750.0,1.0,1.0,200000.0,31.0,20.0,0.7394524280040674
284,0.2,25.0,1750.0,0.9,1.0,200000.0,31.0,20.0,0.7394524280040674
281,0.2,25.0,1750.0,0.8,1.0,200000.0,31.0,20.0,0.7394524280040674
263,0.2,25.0,1450.0,1.0,1.0,200000.0,31.0,20.0,0.7393564973810939
299,0.2,40.0,1450.0,1.0,1.0,200000.0,31.0,20.0,0.7393564973810939
296,0.2,40.0,1450.0,0.9,1.0,200000.0,31.0,20.0,0.7393564973810939
260,0.2,25.0,1450.0,0.9,1.0,200000.0,31.0,20.0,0.7393564973810939
293,0.2,40.0,1450.0,0.8,1.0,200000.0,31.0,20.0,0.7393564973810939
290,0.2,40.0,1450.0,0.7,1.0,200000.0,31.0,20.0,0.7393564973810939
257,0.2,25.0,1450.0,0.8,1.0,200000.0,31.0,20.0,0.7393564973810939
218,0.2,,1450.0,0.7,1.0,200000.0,31.0,20.0,0.7393564973810939
254,0.2,25.0,1450.0,0.7,1.0,200000.0,31.0,20.0,0.7393564973810939
221,0.2,,1450.0,0.8,1.0,200000.0,31.0,20.0,0.7393564973810939
224,0.2,,1450.0,0.9,1.0,200000.0,31.0,20.0,0.7393564973810939
227,0.2,,1450.0,1.0,1.0,200000.0,31.0,20.0,0.7393564973810939
